клеи,время выдержки{8};расход (объем){6};цвет{3};время выдержки перед затиркой настенной плитки{14};время ожидания заливки настенной плитки{18};прочность сцепления с основанием{20};хранение{24};водопоглощение{22};срок хранения на открытом воздухе{10};упаковка (объем){26};t при нанесении{15};степень блеска{4};срок годности смеси{9};время пригодности затворенного клея{7};время ожидания заливки напольной плитки{17};расход (масса){5};пешеходное движение возможно{16};назначение{1};доп. данные{27};примечание{28};упаковка (масса){25};время выдержки перед затиркой напольной плитки{13};время открытой выдержки{11};время корректировки уложенной плитки{12};поверхность пригодна к использованию{19};термоустойчивость{21};консистенция{2};морозостойкость{23}
герметики,хранение питьевой воды{36};доп. данные{42};окончательная усадка{34};время ожидания перед заливкой стен с быстросхватывающимся клеем{16};цвет{2};упаковка (объем){41};устойчивость к абразии{33};время ожидания перед заливкой напольного покрытия на основе р-ра{19};t во время нанесения{10};расход (объем){5};max толщина слоя{22};min толщина слоя{21};пешеходное движение возможно{28};время жизнеспособности смеси{13};нанесение{38};усадка{35};очистка приборов{37};гибкость{9};срок годности смеси{25};время ожидания перед заливкой напольного покрытия с клеем{17};хранение{39};примечание{43};время выдержки{26};пропорция для смеси{3};удельная плотность смеси{8};min толщина сухой пленки{23};расход (масса){4};поверхность может использоваться{29};время ожидания между двумя слоями{14};укладка плитки{20};консистенция{1};время ожидания перед заливкой стен с клеем{15};упаковка (масса){40};термическое сопротивление{12};готовность к использованию{30};время ожидания перед заливкой напольного покрытия с быстросхватывающимся клеем{18};устойчивость к истиранию{32};назначение{0};pH{6};плотность{7};время затвердевания{27};окончательная фиксация{24};min допустимая t{11};термоустойчивость{31}
очистители,опасные элементы{6};упаковка (масса){8};примечание{11};цвет{2};pH{3};упаковка (объем){9};назначение{0};консистенция{1};мыть продукт{5};хранение{7};доп. данные{10};плотность{4}
смолы,хранение{9};доп. данные{12};назначение{1};t во время нанесения{5};усадка{8};плотность{4};упаковка (объем){11};время затвердевания{6};цвет{3};упаковка (масса){10};примечание{13};консистенция{2};термоустойчивость{7}
распиловочные,мощность{4};возможность мокрой резки{18};диаметр посадочного отверстия{7};вес{21};max глубина пропила (угол 45°){10};стабилизация оборотов{13};напряжение{2};встроенная подсветка{16};скорость холостого хода{5};сдувание опилок{19};угол наклона{8};серия{22};количество скоростей{11};вид станка{0};плавный пуск{14};частота{3};лазерный указатель{17};диаметр диска{6};подключение пылесоса{20};max глубина пропила (угол 90°){9};регулировка оборотов{12};питание{1};электрический тормоз{15}
ленточные,ширина ленты{8};ширина пропила{11};max размер заготовки (квадратная){13};стабилизация оборотов{16};напряжение{3};подключение пылесоса{20};скорость холостого хода{6};серия{23};толщина ленты{9};кол-во скоростей{14};встроенная подсветка{19};плавный пуск{17};частота{4};кейс в комплекте{21};длина ленты{7};глубина пропила{10};max размер заготовки (круглая){12};конструкция{2};плавная регулировка оборотов{15};питание{1};электрический тормоз{18};мощность{5};вес{22}
штроборезы (бороздоделы),электрический тормоз{12};питание{0};встроенная подсветка{16};мощность{3};вес{19};диаметр диска{6};система гашения вибрации{15};регулировка оборотов{10};плавный пуск{13};напряжение{1};подключение пылесоса{17};скорость холостого хода{4};серия{20};диаметр посадочного отверстия{7};стабилизация оборотов{11};система сцепления{14};частота{2};кейс в комплекте{18};кол-во рабочих дисков{5};max ширина реза{9};max глубина реза{8}
сабельные (ножовки),кол-во ступеней маятникового хода{16};тип аккумулятора{1};регулировка скорости хода{18};ёмкость аккумулятора{4};кол-во механических скоростей{7};антивибрационная технология{22};частота холостого хода{8};кейс в комплекте{25};max толщина резки (дерево){10};серия{29};регулировка маятникового хода{15};расцепляющая муфта{21};напряжение{2};стабилизация скорости{19};время зарядки{5};встроенная подсветка{23};длина хода{9};кол-во аккумуляторов в комплекте{26};бесключевая замена оснастки{13};зарядное устройство в комплекте{27};питание{0};плавный пуск{17};частота{3};max толщина резки (металл){11};электрический тормоз{20};мощность{6};подключение пылесоса{24};max  диаметр разрезаемой трубы{12};вес{28};маятниковый ход{14}
"степлеры (гвоздезабиватели), заклепочники",max усилие{10};угол наклона магазина{12};рабочее давление{14};длина гвоздя{5};диаметр воздухозаборного отверстия{18};регулятор глубины забивания{13};диаметр шпильки{8};длина скобы{1};серия{21};крепежный материал{0};cредний расход воздуха{15};диаметр гвоздя{6};расход воздуха на удар{16};вес{19};диаметр заклепки{9};ширина скобы{2};диаметр скобы{3};тип гвоздя{4};внутренний диаметр воздушного шланга{17};ёмкость магазина{11};длина шпильки{7};кейс в комплекте{20}
"кусторезы, секаторы, ножницы",скорость холостого хода двигателя{13};зарядное устройство в комплекте{27};ёмкость топливного бака{16};тип аккумулятора{4};электронная регулировка скорости{24};ёмкость аккумулятора{7};число резов без подзарядки{10};скорость движения ножей{18};время работы на одном заряде{9};вес инструмента{22};max рабочая скорость двигателя{14};тип инструмента{0};кейс в комплекте{28};расход топлива{17};напряжение сети/аккумулятора{5};электрический тормоз двигателя{25};время зарядки аккумулятора{8};скорость резания{11};длина ножа для кустов{19};свеча зажигания{2};кол-во аккумуляторов в комплекте{26};объём двигателя{15};питание{1};плавный пуск{23};частота сети{6};ширина ножа для травы{21};мощность{12};устройство аккумулятора{3};max диаметр резки{20}
пылесосы промышленные,коэффициент измельчения{21};пропускная способность воздуха{19};частота холостого хода{16};розетка для электроинструмента{24};объем топливного бака{6};тип пылесборника{22};размер{32};электронное зажигание{31};напряжение{9};емкость аккумулятора{11};система очистки фильтра{28};max скорость воздушного потока{17};зарядное устройство в комплекте{35};разрежение воздуха{20};двигатель{4};уровень шума{26};объем масляного бака{7};мощность{14};вес{33};скорость воздушного потока (выдув){18};питание{3};время зарядки аккумулятора{12};класс пыли{27};max мощность подключаемого инструмента{25};регулировка числа оборотов{15};всасываемый объем{23};рабочий объем двигателя{5};вид уборки{2};индикация заполнения{29};пусковой насос{30};частота{10};тип аккумулятора{8};время работы без подзарядки/дозаправки{13};тип{1};кол-во аккумуляторов в комплекте{34}
флюгеры,ширина{3};вес{6};тематика изделия{0};высота{4};страна производитель{7};материал{1};толщина{5};цвет{2}
мойки высокого давления,ёмкость для моющего средства{18};max давление{5};класс{20};длина шланга{9};подогрев воды{13};питание{0};система фильтрации воды{16};мощность{3};сила отдачи от пистолета-распылителя{8};производительность{6};длина кабеля питания{10};забор воды из емкости{14};напряжение{1};использование моющего средства{17};рабочее давление{4};манометр{12};max температура воды{7};вес{11};автоматическое вкл/выкл{15};частота{2}
крепления для флюгеров,материал{0};страна производитель{1}
держатели для цветов,материал{0};цвет{2};место установки{3};толщина{1};страна производитель{4}
самовыравнивающиеся смеси,пешеходное движение{18};назначение{0};укладка натурального камня и мрамора{22};расход{4};примечание{32};хранение{28};пропорция для смеси{3};время отвердевания{10};окончательное укрепление{9};min толщина{14};доп. данные{31};транспортные нагрузки{19};укладка плит{20};морозостойкость{27};укладка паркета{23};эластичность{26};плотность{5};упаковка (масса){29};время выдержки{7};начало застывания{12};срок хранения в закрытой емкости{16};max толщина{15};время готовности пола к эксплуатации{17};укладка керамической плитки{21};термоустойчивость{24};упаковка (объем){30};консистенция{1};цвет{2};вода для смеси{6};время выдержки перед укладкой{8};окончательное застывание{13};t при нанесении{25};срок годности смеси{11}
звукоизоляция,реакция на горение{11};коэфф-т теплопроводности (NWF){10};упаковка (объем){14};толщина слоя{3};назначение{1};ширина NWF{6};коэф-т сопротивления паропроницаемости{8};хранение{12};доп. данные{15};толщина нетканого эластичного материала{4};ширина перекрытия{7};коэфф-т теплопроводности (свой){9};упаковка (масса){13};общая толщина{2};примечание{16};ширина{5}
мультитулы,ёмкость аккумулятора{4};бесключевая замена оснастки{9};частота колебаний{7};регулировка частоты колебаний{11};подключение к пылесосу{14};напряжение{2};кейс в комплекте{17};время зарядки аккумулятора{5};серия{20};угол колебаний (влево/вправо){8};cистема стабилизации{12};питание{0};кол-во аккумуляторов в комплекте{15};частота{3};вес{18};мощность{6};плавный пуск{10};встроенная подсветка{13};тип аккумулятора{1};зарядное устройство в комплекте{16}
латексные,доп. данные{9};pH{2};хранение{6};цвет{1};примечание{11};плотность веса{3};упаковка (масса){7};упаковка (объем){8};консистенция{0};воспламеняемость{4};термоустойчивость{5}
по бетону,кейс{12};напряжение{1};скорость холостого хода{4};резьба шпинделя{7};стабилизация оборотов{10};вес{13};частота{2};диаметр диска{5};плавный пуск{8};возможность подключения к пылесосу{11};питание{0};серия{14};мощность{3};диаметр посадочного отверстия{6};регулировка оборотов{9}
щеточные,плавный пуск{8};электрический тормоз{11};питание{0};вес{14};мощность{3};ширина щетки{6};регулировка оборотов{9};подключение к пылесосу{12};напряжение{1};серия{15};скорость холостого хода{4};диаметр посадочного отверстия{7};стабилизация оборотов{10};кейс{13};частота{2};диаметр щетки{5}
грунтовки,примечание{20};max время перед покрытием{12};степень блеска{3};упаковка (масса){16};доп. данные{19};цвет{2};назначение{0};pH{10};время высыхания{8};уровень опасности{15};время ожидания между двумя слоями{13};t применения{7};расход (масса){4};упаковка (объем){17};покрытие возможно{11};расход (объем){5};хранение{18};время ожидания перед укладкой керамической плитки{14};консистенция{1};срок хранения смеси{9};плотность{6}
спец. материалы,поверхность пригодна к использованию{12};t нанесения{13};расход{3};доп. данные{18};min толщина{6};пешеходное движение{10};хранение{15};консистенция{1};max толщина{7};вода для смеси{4};упаковка (объем){17};max толщина полировочного р-ра{8};укладка плитки{11};упаковка (масса){16};цвет{2};реакция на сгорание{14};срок годности смеси{5};примечание{19};max толщина поверхностной штукатурки{9}
штукатурки,расход (масса){6};пропорция для смеси{5};расход (объем){7};min толщина{13};срок хранения в закрытой емкости{10};пешеходное движение{18};плотность{4};t нанесения{21};примечание{31};консистенция{1};упаковка (масса){28};время использования{12};вода для смеси{8};min толщина слоя{14};степень блеска{3};max толщина полировочного р-ра{16};паропроницаемость{24};укладка плитки{19};назначение{0};термоустойчивость{23};морозостойкость{26};цвет{2};доп. данные{30};водопоглощение{25};срок годности смеси{9};max толщина слоя{15};max толщина поверхностной штукатурки{17};min. t нанесения{22};поверхность пригодна к использованию{20};упаковка (объем){29};хранение{27};время высыхания{11}
дельташлифовальные,крепление шлифлиста{14};кол-во аккумуляторов в комплекте{20};стабилизация скорости{17};напряжение{3};вес{23};частота оборотов (холостой ход){8};устройство аккумулятора{1};размер подошвы{12};время зарядки{6};плавный пуск{15};зарядное устройство в комплекте{21};подключение пылесоса{18};частота тока{4};серия{24};частота колебаний (холостой ход){9};тип аккумулятора{2};размер шлифлиста{13};пылесборник в комплекте{19};регулировка скорости{16};питание{0};кейс в комплекте{22};мощность{7};площадь рабочей поверхности{11};амплитуда колебаний{10};ёмкость аккумулятора{5}
затирки,"ожидание перед заливкой стены с клеем{13};доп. данные{25};пешеходное движение возможно{17};цвет{2};примечание{27};упаковка (масса){22};срок годности смеси{7};время затвердевания{5};ожидание перед заливкой напольных покрытий с клеем{10};усадка{20};ожидание перед заливкой стены с быстро схватывающимся клеем{14};морозостойкость{21};устойчивость к абразии{18};t во время нанесения{4};ожидание перед заливкой напольных покрытий, установленных с помощью р-ра{12};время обработки{9};поверхность может использоваться{16};ожидание перед заливкой напольных покрытий с быстро схватывающимся клеем{11};назначение{0};поверхность пригодна к использованию{15};консистенция{1};упаковка (объем){23};хранение{24};вода для смеси{6};удельная плотность смеси{3};термоустойчивость{8};устойчивость к истиранию{19}"
гидроизоляция,хранение{19};упаковка (объем){21};время жизнеспособности смеси{9};водопоглощение{15};t применения{8};плотность{7};окончательная фиксация{13};паропроницаемость{17};упаковка (масса){20};примечание{23};готовность к использованию{10};консистенция{2};доп. данные{22};max толщина слоя{11};расход{4};термоустойчивость{14};морозостойкость{18};плотность смеси{6};требуемое кол-во{5};цвет{3};водопроницаемость{16};min толщина сухой пленки{12};назначение{1}
гусеничные экскаваторы,габаритная ширина{10};сила копания на рукояти{20};ширина ковша{15};главный насос{28};объем экскаваторного ковша{12};стрела{24};эксплуатационная масса{7};глубина копания{17};горизонтальный вылет{27};двигатель{2};удельное давление на грунт{22};габаритная высота{11};длина стрелы{25};сила черпания{18};главный{1};мощность двигателя{3};полезный объем{13};max. усилие отрыва на рукояти{29};вырывное усилие{21};объем двигателя{8};габаритная длина{9};сила копания на ковше{19};ширина гусеничных траков{14};длина рукояти{26};масса{0};нижняя тележка{23};доп. данные{31};тяговое усилие на крюке{16};число оборотов при max. крутящем моменте{5};max. усилие отрыва на ковше{30};эксплуатационная мощность{6};число оборотов{4}
бульдозеры,вместимость отвала{6};габаритная ширина (с отвалом){9};емкость топливного бака{2};масса{0};ширина отвала{4};габаритная высота{7};габаритная длина (с отвалом){10};мощность двигателя{1};емкость отвала{5};габаритная ширина (без отвала){8};доп. данные{11};подъем отвала{3}
колесные экскаваторы,угол выгрузки{38};объем экскаваторного ковша{18};max. тяговое усилие{27};max. вылет поднятого ковша{35};габаритная длина{14};max. вылет стрелы{28};высота оси шарнира ковша{32};тип двигателя{3};угол поворота ковша{22};ширина раскрытия челюстей{39};max. скорость движения{8};режим рулевого управления{11};глубина копания{26};радиус разворота{23};угол запрокидывания ковша{37};высота выгрузки{30};емкость топливного бака{9};вылет кромки ковша на уровне земли{34};габаритная ширина{15};объем прелагаемых ковшей{19};высота до горизонтального днища{31};эксплуатационная масса{7};max. высота выгрузки{21};масса{0};число оборотов{5};электрика{12};коробка передач{2};объем погрузочного ковша{17};уровень шума{25};вылет поднятого ковша при выгрузке{36};эксплуатационная мощность{6};двигатель{1};вылет оси шарнира ковша{33};габаритная высота{16};производительность насосов гидравлической системы{24};ковш{29};колесная формула{10};max. высота подъема ковша{20};мощность двигателя{4};доп. данные{40};шасси{13}
ямобуры,доп. данные{3};глубина бурения{1};диаметр бурения{0}
погрузчики,рулевое управление{8};габаритная высота{13};доп. данные{14};мощность двигателя{3};привод{6};шасси{9};высота подъема{10};габаритная ширина{12};двигатель{2};колеса{4};скорость с / без груза{7};габаритная длина{11};номинальная грузоподъемность{1};масса{0};коробка передач{5}
вибропогружатели,давление захвата{2};раскрытие захвата{1};масса{0};доп. данные{4}
плиткорезы,резак отверстий{6};назначение{1};режущий элемент{3};вес{8};диаметр вырезаемых отверстий{7};max глубина резки{5};каретка на подшипниках{2};тип{0};max длина резки{4}
шпатлевки,доп. данные{15};назначение{0};примечание{16};толщина слоя{8};степень блеска{3};хранение{12};консистенция{1};морозостойкость{11};расход (масса){5};плотность{6};срок годности смеси{9};упаковка (масса){13};цвет{2};упаковка (объем){14};t нанесения{7};расход (объем){4};вода для смеси{10}
ремонтные смеси,"t при нанесении{10};доп. данные{15};пешеходное движение{9};морозостойкость{11};толщина выравнивающего слоя{7};хранение{12};расход (масса){4};упаковка (объем){14};консистенция{2};назначение{1};срок годности смеси{8};упаковка (масса){13};количество воды, необходимое для затворения{6};примечание{16};цвет{3};расход (объем){5}"
аэраторы (скарификаторы),мощность{13};количество зубьев{15};тип двигателя{2};объем травосборника{22};ёмкость аккумулятора{5};уровень шума{27};запасной аккумулятор{8};количество уровней глубины обработки{18};ёмкость масляного бака{11};самоходная{26};питание{0};ширина обработки{20};количество ножей{16};напряжение{3};тип травосборника{23};время зарядки аккумулятора{6};вес{28};рабочий объём двигателя{9};глубина обработки{19};пусковой насос{12};система валиков{14};тип аккумулятора{1};травосборник{21};частота{4};материал корпуса{24};время работы от аккумулятора{7};регулировка глубины обработки{17};ёмкость топливного бака{10};мульчирование{25}
теплоизоляция,примечание{10};цвет{2};упаковка (масса){6};упаковка (объем){7};t во время нанесения{3};доп. данные{8};назначение{0};консистенция{1};хранение{5};t поверхности{4}
дальномеры,оптический прицел{29};погрешность измерения угла{32};диапазон рабочих температур{37};тип дальномера{0};встроенный пузырьковый уровень{36};поворот дисплея{25};диаметр резьбы под штатив{22};погрешность измерения длины{8};функция таймера{28};угол выхода ультразвукового сигнала{10};габариты (ДхШхВ){42};время измерения{12};время зарядки аккумулятора{4};класс прибора{45};разъём для зарядного уст-ва{5};автоотключение лазера{18};мощность лазерного излучения{16};встроенный датчик угла наклона{30};цена деления при измерении угла{33};кол-во лучей{14};питание{1};дисплей{23};направляющая шина-уклономер{34};относительная влажность воздуха{40};цена деления при измерении длины{9};напряжение{2};позиционная скоба{20};вес{43};класс лазера{13};кол-во измерений на одной зарядке{6};подсветка дисплея{24};диапазон измерения угла{31};диапазон температур хранения{38};длина волны лазерного излучения{15};передача данных по Bluetooth{35};кол-во точек начала отсчета{17};возможность установки на штатив{21};диапазон измеряемой длины{7};функция памяти{26};кол-во сохранённых значений{27};класс защищенности корпуса{41};единицы измерения{11};ёмкость аккумулятора{3};чехол{44};автоотключение прибора{19};диапазон температур при зарядке{39}
ротационные,класс лазера{13};точность нивелирования (по вертикали){7};габариты (ДхШхВ){34};зарядное устройство{43};рабочий диапазон без приемника (радиус){4};время самовыравнивания{9};поверка{26};тип выравнивания{8};углы развертки при сканировании{25};линейный режим{22};кол-во лазерных диодов{12};кейс (сумка){40};возможность установки на штатив{28};тип регулировки скорости вращения{19};относительная влажность воздуха{32};настенный держатель{38};длина волны лазерного диода{14};вес{35};направление лучей{17};рабочий диапазон с приемником (радиус){5};кол-во ступеней скорости вращения{20};время работы на 1 заряде батарей{2};угол самовыравнивания{10};штатив{37};точечный режим{23};диапазон рабочих температур{30};пульт ДУ{41};питание{1};регулировка скорости вращения{18};степень защищенности корпуса{33};аккумулятор(ы){42};мощность лазерного диода{15};класс прибора{36};функция сканирования{24};точность нивелирования (по горизонтали){6};диапазон скорости вращения{21};время работы на 1 заряде аккум.{3};отключение выравнивания{11};лазерный приемник{39};диаметр резьбы под штатив{29};ЖК-дисплей{27};диапазон температур хранения{31};цвет лазера{16}
линейные,"чехол{37};поверка{22};радиус действия без приёмника (импульсный режим){4};радиус действия с приёмником{5};время самовыравнивания{9};диапазон рабочих температур{27};раздельное включение лучей{15};автоматика отключения при простое{23};угол самовыравнивания{8};степень защищенности корпуса{30};сумка (кейс){38};класс лазера{17};класс прибора{33};звуковой сигнал \""Вне уровня\""{11};цвет лазера{20};аккумуляторы{40};питание{0};возможность установки на штатив{25};min длительность импульса{21};лазерный приемник{34};точность нивелирования{6};диапазон температур хранения{28};время отключения при простое{24};отключение самовыравнивания{10};габариты (ДхШхВ){31};продолжительность работы (от батарей){1};длина волны лазерного излучения{18};штатив{35};визуальный сигнал \""Вне уровня\""{12};направление лучей{14};зарядное устройство{41};радиус действия без приёмника{3};диаметр резьбы под штатив{26};угол развертки{16};батарейки{39};тип выравнивания{7};относительная влажность воздуха{29};настенный держатель{36};кол-во лучей{13};вес{32};импульсный режим{2};мощность лазерного излучения{19}"
сканеры уровня пола,кол-во скоростей вращения{18};угол самонивелирования{7};класс прибора{29};мощность лазерного излучения{13};батарейка(и) в комплекте{31};автоматика отключения при простое{21};назначение{0};рабочий диапазон{4};диапазон температур хранения{24};вращение прибора при сканировании{16};точность нивелирования{6};габариты (ДхШхВ){27};скорость вращения{19};класс лазера{11};пульт ДУ в комплекте{30};цвет лазера{14};аккумулятор(ы) в комплекте{32};питание{1};время отключения при простое{22};продолжительность работы (от аккум.){3};рабочий диапазон (с отражающей пластиной){5};относительная влажность воздуха{25};регулировка скорости вращения{17};тип выравнивания{8};вес{28};кейс в комплекте{35};длина волны лазерного излучения{12};управление дистанционным пультом{20};поверка{15};зарядное устройство в комплекте{33};продолжительность работы (от батареек){2};диапазон рабочих температур{23};проекция{10};время самовыравнивания{9};степень защищенности корпуса{26}
точечные,"точность нивелирования (луч вниз){4};направление лазерных точек{14};габариты (ДхШхВ){28};питание{0};мощность лазерного излучения{17};штатив{31};время самовыравнивания{10};автоматика отключения при простое{20};кейс{34};угол самовыравнивания (по продольной оси){7};диаметр резьбы под штатив{23};зарядное устройство{37};визуальный сигнал \""Вне уровня\""{12};относительная влажность воздуха{26};точность нивелирования (горизонтальный луч){5};класс лазера{15};вес{29};продолжительность работы (от батарей){1};цвет лазера{18};настенный держатель{32};точность нивелирования (луч вверх){3};время отключения при простое{21};батарейки{35};отключение выравнивания{9};диапазон рабочих температур{24};угол самовыравнивания (по поперечной оси){8};проекция{13};степень защищенности корпуса{27};длина волны лазерного излучения{16};класс прибора{30};рабочий диапазон (без приёмника){2};поверка{19};чехол{33};тип выравнивания{6};возможность установки на штатив{22};аккумуляторы{36};звуковой сигнал \""Вне уровня\""{11};диапазон температур хранения{25}"
линейно-точечные,"относительная влажность воздуха{32};рабочий диапазон без приёмника (точка вниз){5};класс лазера{21};вес{35};продолжительность работы (от батарей){1};цвет лазера{24};точность нивелирования (горизонтальные точки){8};настенный держатель{39};тип выравнивания{11};время отключения при простое{27};рабочий диапазон с приёмником{6};батарейки{42};время самовыравнивания{14};диапазон рабочих температур{30};рабочий диапазон без приёмника (горизонтальные точки){3};проекция{17};степень защищенности корпуса{33};точность нивелирования (точка вниз){9};длина волны лазерного излучения{22};класс прибора{36};рабочий диапазон без приёмника (линии){2};поверка{25};точность нивелирования (точка вверх){10};чехол{40};угол самовыравнивания{12};возможность установки на штатив{28};лазерный приемник{37};аккумуляторы{43};звуковой сигнал \""Вне уровня\""{15};диапазон температур хранения{31};рабочий диапазон без приёмника (точка вверх){4};направление лазерных точек{19};габариты (ДхШхВ){34};питание{0};мощность лазерного излучения{23};направление лазерных линий{20};штатив{38};точность нивелирования (линии){7};автоматика отключения при простое{26};раздельное включение лучей{18};сумка (кейс){41};отключение выравнивания{13};диаметр резьбы под штатив{29};зарядное устройство{44};визуальный сигнал \""Вне уровня\""{16}"
лазерные угольники,кол-во лучей{4};настенное крепление в комплекте{19};длина волны лазерного излучения{6};автоматика отключения при простое{9};диапазон температур хранения{12};вес{15};диапазон видимости лучей{1};цвет лазера{8};проецирование лучей{3};чехол в комплекте{20};мощность лазерного излучения{7};время отключения при простое{10};относительная влажность воздуха{13};габариты{16};угловая точность{2};элементы питания в комплекте{18};класс лазера{5};кейс в комплекте{21};диапазон рабочих температур{11};степень защищенности корпуса{14};питание{0};класс прибора{17}
оптические,min фокусное расстояние{12};габариты прибора (ДхШхВ){21};защита от пыли влаги{18};точность на 1 км двойного хода{3};зеркало круглого уровня{4};класс прибора{20};градуировка горизонтального лимба{7};рабочий диапазон{0};тип компенсатора{14};диаметр объектива{9};кейс в комплекте{23};степень защиты от пыли влаги{19};точность настройки{2};точность круглого уровня{5};диаметр резьбы под штатив{17};изображение{8};коэффициент умножения{13};диапазон работы компенсатора{15};увеличение зрительной трубы{10};штатив в комплекте{24};точность нивелирования{1};вес прибора{22};встроенный горизонтальный лимб{6};возможность установки на штатив{16};поле зрения{11}
детекторы,класс прибора{22};степень защиты от пыли влаги{10};шкала точного поиска{16};габариты прибора (ДхШхВ){20};обнаруживаемые материалы{1};звуковой сигнал при обнаружении объекта{13};max глубина обнаружения (электропроводка){4};подсветки дисплея{18};относительная влажность воздуха{8};max глубина обнаружения (древесина){5};автоматика отключения при простое{11};вес прибора{21};max глубина обнаружения (чёрные металлы){2};автоматическая калибровка{15};диапазон рабочих температур{6};индикатор заряда батареи{19};защита от пыли влаги{9};отключение звукового сигнала{14};время отключения при простое{12};питание{0};чехол в комплекте{23};max глубина обнаружения (цветные металлы){3};индикатор центра объекта{17};диапазон температур хранения{7}
"угломеры, уклономеры, уровни",точность нивелирования лазера{14};размеры прибора (ДxШxВ){28};длина волны лазерного излучения{17};чехол в комплекте{31};диаметр резьбы под штатив{27};диапазон измерений{4};точность измерения уклона в диапазоне 1° - 89° (электроника){7};встроенные в корпус магниты{20};диапазон рабочих температур{22};встроенный лазер{11};время отключения при простое{25};кол-во лазерных лучей{15};вес прибора{29};мощность лазерного излучения{18};тип прибора{0};удлинительная линейка в комплекте{32};дальность действия лазера{13};точность измерения угла (электроника){5};встроенные жидкостные капсулы{8};отверстия для захвата{21};диапазон температур хранения{23};питание лазера{12};длина уровня{1};класс лазера{16};класс прибора{30};возможность установки на штатив{26};питание прибора{3};точность измерения уклона в диапазоне 0°/90° (электроника){6};материал корпуса{19};погрешность (пузырьковый уровень){10};кол-во жидкостных капсул{9};длина шланга{2};автоматика отключения при простое{24}
рулетки,чехол в комплекте{20};точность электронных показаний{10};механизм сматывания{0};объём памяти{13};стопор ленты{8};диапазон рабочих температур{17};материал корпуса{5};источник питания{16};класс прибора{19};тип дисплея{11};защитное покрытие ленты{4};автоматика отключения при простое{14};электронный счетчик показаний{9};диапазон температур хранения{18};вес прибора{6};длина ленты{1};ширина ленты{2};функция памяти{12};магнитный зацеп{7};время отключения при простое{15};материал ленты{3}
пирометры,"оптическое разрешение{17};диапазон измерения (t° окружающей среды){6};время отключения при простое{20};диапазон измерения (отн.влажность воздуха){9};размеры прибора (ДxШxВ){23};обнаружение \""тепловых мостов\""{12};чехол в комплекте{26};время работы на одном заряде{1};длина волны лазерного излучения{15};точность измерения (t° поверхности){4};подсветка дисплея{18};точность измерения (t° окружающей среды){7};диапазон рабочих температур{21};точность измерения (отн.влажность воздуха){10};вес прибора{24};тип прицела{13};измерение t° поверхности{2};мощность лазерного излучения{16};измерение t° окружающей среды{5};автоматика отключения при простое{19};измерение отн. влажность воздуха{8};диапазон температур хранения{22};расчет точки росы{11};класс прибора{25};питание{0};класс лазера{14};диапазон измерения (t° поверхности){3}"
курвиметры,"колесная база{6};питание{1};материал колеса{9};диапазон рабочих температур{20};подсветка дисплея{2};вес прибора{14};max значение измерения{4};функция \""пауза\""{17};диаметр колеса{7};автоматика отключения при простое{18};колесный тормоз{10};диапазон температур хранения{21};материал штанги{12};cчетчик{0};функция памяти{15};минимальный отсчет{5};чехол в комплекте{22};длина окружности колеса{8};время отключения при простое{19};конструкция штанги{11};материал рукоятки{13};размерность{3};объём памяти{16}"
металлоискатели,защита поискового стержня от пыли и влаги{10};вес прибора{13};регулировка чувствительности датчика{6};питание{0};индикатор силовых кабелей{9};ЖК-дисплей{5};степень защиты поискового стержня{11};чехол/сумка в комплекте{14};регулировка громкости сигнала{7};время работы на одном заряде{1};диапазон рабочих температур{4};защита дисплея от пыли и влаги{12};кейс в комплекте{15};max глубина поиска{2};функция подавления помех{8};длина поискового стержня{3}
теодолиты,подсветка дисплея{22};чувствительность цилиндрического уровня{18};диаметр объектива{4};диаметр резьбы под штатив{25};кейс в комплекте{32};разрешающая способность{7};диапазон рабочих температур{28};точность угловых измерений{10};вес прибора{31};точность компенсации{13};угол поля зрения оптического центрира{16};длина зрительной трубы{2};панель управления{23};чувствительность круглого уровня{19};изображение{5};защита от пыли влаги{26};штатив в комплекте{34};min фокусное расстояние{8};класс прибора{29};компенсатор{11};оптический центрир{14};тип прибора{0};дисплей{21};диапазон фокусировки оптического центрира{17};увеличение зрительной трубы{3};возможность установки на штатив{24};горизонтальный лимб{20};угол поля зрения{6};степень защиты от пыли влаги{27};метод угловых измерений{9};размеры прибора (ДхШхВ){30};диапазон компенсации{12};увеличение оптического центрира{15};питание{1}
видеоскопы,диаметр головки камеры{5};время отключения при простое{12};диапазон рабочих температур{13};число уровней LED освещения{7};питание{0};размеры прибора (ДхШхВ){17};время работы на одном заряде{3};кейс в комплекте{20};глубина резкости объектива камеры{6};диапазон температур хранения (без аккум.){14};формат видеовыхода{10};напряжение{1};класс прибора{18};min радиус изгиба кабеля камеры{4};автоматика отключения при простое{11};диагональ дисплея{8};относительная влажность воздуха{15};разрешение дисплея{9};вес прибора{16};ёмкость аккумулятора{2};источник питания в комплекте{19}
трубные,диапазон поперечного отклонения влево/вправо{13};продолжительность работы (от аккум.){2};защита от пыли влаги{17};точность измерений{5};класс прибора{22};мощность лазерного излучения{8};кейс в комплекте{23};диапазон наклона вниз/вверх{11};зарядное уст-во в комплекте{26};диапазон самонивелирования (по продольной оси){14};время самонивелирования{16};питание{0};степень защиты от пыли влаги{18};класс лазера{6};размеры прибора (ДхШхВ){20};цвет лазерного луча{9};пульт ДУ в комплекте{24};автоматическое поперечное отклонение{12};продолжительность работы (от батареек){1};диапазон самонивелирования (по поперечной оси){15};время зарядки аккумулятора{3};рабочий диапазон{4};диапазон рабочих температур{19};длина волны лазерного излучения{7};вес прибора{21};автоматическая настройка наклона{10};источник питания в комплекте{25}
лазерные приёмники,"степень защиты от пыли влаги{18};питание{11};продолжительность работы{12};принимаемая длина волны{5};автоматика отключения при простое{13};точность измерения (\""точная\"" настройка){8};точность измерения (\""средняя\"" настройка){9};диапазон температур хранения{16};размеры (ДхШхВ){19};max рабочий диапазон (радиус){2};назначение{0};принимаемая скорость вращения{6};время отключения при простое{14};точность измерения (\""грубая\"" настройка){10};защита от пыли влаги{17};вес{20};угол приема{4};совместимость{1};ступени точности измерения{7};высота зоны приёма{3};диапазон рабочих температур{15}"
штативы,регулировка рабочей высоты{1};резьба под штатив{6};тип фиксации ножек{4};min рабочая высота{2};вес{8};телескопическая стойка{5};материал ножек{0};max рабочая высота{3};класс{9};тип штативной головки{7}
нивелирные рейки,единицы измерения{5};геодезическая Е-шкала{6};материал{0};min длина{3};пузырьковый уровень{7};телескопическая конструкция{1};max длина{4};вес{8};кол-во секций{2}
штанги,min рабочая высота{2};резьба крепления прибора{3};телескопическая конструкция{0};материал штанги{4};max рабочая высота{1};вес{5}
вехи,телескопическая конструкция{3};соединение с резьбой{9};материал{1};шкала измерений{2};внешний диаметр вверху{8};min рабочая высота{5};резьба крепления{10};кол-во секций{4};заостренный нижний конец{12};назначение{0};max рабочая высота{6};пузырьковый уровень{11};вес{13};внешний диаметр внизу{7}
"биподы, триподы",материал{1};вес{6};min диаметр вех{2};max диаметр вех{3};тип подставки{0};тип фиксации ножек{5};регулировка ножек по высоте{4}
"отражатели, призмы",диаметр резьбы{9};материал визирной марки{13};материал держателя{10};тип приспособления{0};цвет корпуса призмы{14};наличие держателя{6};наличие сумки/чехла{18};наличие визирной марки{11};постоянная призмы{3};угловая точность призмы{4};тип отражателя{1};материал корпуса призмы{15};тип крепления{8};цвет визирной марки{12};диаметр призмы{5};возможность крепления держателя{7};количество призм на отражателе{2};наличие вехи{16}
газовые,регулировка пламени{11};тип топлива{0};температура горячего воздуха{9};max время горения пламени{4};время разогрева (насадка){7};материал корпуса{12};воспламенение{2};температура рабочей насадки{10};вес паяльника{14};насадки в комплекте{5};расход топлива{3};кейс/футляр в комплекте{13};температура пламени{8};объём топливной ёмкости{1};время разогрева (открытый огонь){6}
паяльные лампы,регулятор уровня пламени{14};топливо{3};тип газового баллона{1};объем емкости для топлива{6};размер{18};время разогрева (жало паяльника){9};температура (жало паяльника){12};вес{16};пъезоподжиг{4};газовый баллон в комплекте{2};расход топлива{7};температура (открытое пламя){10};время охлаждения{13};тип паяльной лампы{0};тип пламени{5};материал корпуса{15};max время горения пламени{8};температура (горячий воздух){11}
измельчители,тип измельчаемого материала{0};мощность{9};вес{20};max диаметр измельчаемых веток{13};тип аккумулятора{4};ёмкость для отходов{17};ёмкость аккумулятора{5};функция реверса{16};кол-во механических скоростей{10};режущая система{1};тип двигателя{2};max пропускная способность{14};напряжение{7};объём ёмкости{18};время зарядки аккумулятора{6};система автозатягивания{15};скорость холостого хода{11};крутящий момент{12};питание электродвигателя{3};уровень шума{19};частота питающей сети{8}
битум,массовая доля парафина{10};марка{0};назначение{1};растяжимость при 25°С{5};примечание{18};t вспышки{8};хранение{13};индекс пенетрации{11};глубина проникания иглы 25°С{2};упаковка (масса){14};растворимость{6};массовая доля воды{9};t хрупкости{4};водонасыщенность{12};t размягчения по кольцу и шару при 25°С{3};упаковка (объем){15};изменение массы после прогрева{7};доп. данные{16}
мастики,доп. данные{22};температуроустойчивость{10};на стержне d{14};упаковка (объем){21};диапазон t применения{9};t каплепадения{4};теплостойкость{3};назначение{2};гибкость при t{13};растворимость{18};глубина проникания иглы при 25°С{7};примечание{23};водонасыщение{11};марка{1};усадка{16};содержание воды{15};t размягчения{5};хранение{19};упаковка (масса){20};растяжимость при 25°С{8};t вспышки{12};t размягчения по КиШ{6};морозостойкость{17}
цемент,упаковка (масса){10};упаковка (объем){11};плотность{5};констистенция{1};морозостойкость{8};доп. данные{12};примечание{13};время корректировки{7};цвет{2};хранение{9};время использования{6};расход{4};назначение{0};t при нанесении{3}
краски,упаковка (масса){11};упаковка (объем){12};время высыхания{9};расход (объем){3};t при нанесении{8};доп. данные{13};цвет{1};расход (масса){4};плотность{5};хранение{10};примечание{14};готовность к эксплуатации{7};назначение{0};степень блеска{2};устойчивость к осадкам{6}
пропитки,упаковка (объем){6};цвет{1};доп. данные{8};расход{2};примечание{9};t при нанесении{3};время высыхания{4};упаковка (масса){5};назначение{0};хранение{7}
лаки,время высыхания{6};упаковка (объем){11};расход (объем){4};цвет{1};готовность к эксплуатации{7};хранение{9};доп. данные{12};степень блеска{2};расход (масса){3};t при нанесении{8};упаковка (масса){10};примечание{13};назначение{0};плотность{5}
магнитные,назначение{1};кол-во оборотов{8};цвет торцевой планки{3};серия{9};межосевое расстояние{6};размеры (длина/ширина/толщина){4};доп. данные{10};кол-во точек запирания{7};материал{2};торцевая планка{5}
лазури,t при нанесении{8};упаковка (масса){11};примечание{14};расход (объем){3};устойчивость к осадкам{6};время высыхания{9};упаковка (объем){12};назначение{0};степень блеска{2};расход (масса){4};готовность к эксплуатации{7};хранение{10};доп. данные{13};цвет{1};плотность{5}
декоративные покрытия,t нанесения{8};упаковка (масса){11};примечание{14};консистенция{1};расход (масса){5};min. t нанесения{9};упаковка (объем){12};расход (объем){4};цвет{2};время высыхания{7};хранение{10};доп. данные{13};назначение{0};степень блеска{3};плотность{6}
эмали,расход (объем){3};готовность к эксплуатации{6};хранение{9};доп. данные{12};назначение{0};расход (масса){4};t при нанесении{7};упаковка (масса){10};примечание{13};цвет{1};плотность{5};время высыхания{8};упаковка (объем){11};степень блеска{2}
валики,площадь покраски на одной заправке{2};съёмный ролик{5};резервуар для краски{0};система регулировки поступления краски к ролику{3};каплесборник{6};объём резервуара для краски{1};подвижная рабочая часть{4};вес{7}
импульсные,max температура нагрева жала{7};кейс в комплекте{12};система нагрева{0};потребляемая мощность{3};кол-во температурных режимов{5};встроенная подсветка{10};съемное жало{9};напряжение питания{1};время нагрева{8};min температура нагрева жала{6};материал корпуса{11};частота питающей сети{2};регулировка температуры нагрева жала{4}
контактные,время нагрева{6};материал рукоятки{9};система нагрева{1};потребляемая мощность{4};форма паяльного жала{7};вес паяльника{11};напряжение питания{2};температура нагрева{5};съемное паяльное жало{8};наличие подставки{10};тип нагрева{0};частота питающей сети{3}
рожковые,доп. комплектация набора{6};размер зева{2};вид{0};материал{3};кол-во в наборе{1};покрытие{4}
накидные,покрытие{4};доп. комплектация набора{6};размер зева{2};вид{0};кол-во в наборе{1};материал{3};трещотка{5}
разрезные,материал{3};покрытие{4};размер зева{2};вид{1}
комбинированные,материал{4};доп. комплектация набора{6};тип ключа{1};покрытие{5};размер зева{3};кол-во в наборе{2}
торцевые (баллонные),размер головки(ок){4};покрытие{7};кол-во рабочих головок{2};тип ключа(ей){0};габаритные размеры ключа(ей){5};кол-во в наборе{8};профиль головки(ок){3};конфигурация ключа(ей){1};материал изготовления{6};доп. комплектация набора{9}
разводные,длина ключа{0};чехол на рукоятке{3};max расстояние между губками{1};материал чехла на рукоятке{5};материал изготовления ключа{2}
шестигранные (имбусовые),габариты ключа (ДхШ){5};формфактор{2};материал изготовления{6};материал рукоятки{8};вид наконечника{3};кол-во ключей в наборе{1};рукоятка{7};тип{0};размер наконечника{4}
"топоры, колуны",тип инструмента{0};прорезиненная рукоятка{3};материал рабочей части{1};общий вес{5};материал рукоятки{2};общая длина{4}
зубила,наличие протектора{8};наличие рукоятки{6};назначение{0};диаметр стержня{3};материал протектора{9};материал рукоятки{7};форма режущей кромки{1};длина общая{4};материал стержня{5};ширина режущей кромки{2}
"пилы, ножовки, стусла",вид ножовки/пилы{1};твердость полотна по Роквеллу{7};тип стусла{14};назначение{2};доп. данные{18};материал полотна{6};углы распиливания стусла{17};закаленный зуб{5};материал рамы{11};тефлоновое покрытие полотна{8};длина полотна{3};материал стусла{15};материал рукоятки{12};складное полотно{9};тип рукоятки{13};тип инструмента{0};система крепления полотна{10};кол-во зубьев на дюйм (TPI){4};размеры стусла{16}
кисти,кол-во в наборе{1};длина щетины{4};материал бандажа{8};вид кисти{2};ширина кисти{5};материал рукоятки{9};тип{0};материал щетины{3};диаметр кисти{7};толщина кисти{6}
"шпатели, гладилки",длина полотна гладилки{6};материал рукояти{9};тип инструмента{0};ширина полотна шпателя{4};размер зубьев{7};кол-во в наборе{1};вид шпателя/гладилки{2};ширина полотна гладилки{5};материал полотна{8};назначение{3}
правила,материал корпуса{2};встроенные жидкостные капсулы{3};длина{1};кол-во жидкостных капсул{4};отверстия для захвата{6};форма сечения профиля{0}
стамески,назначение{1};материал режущей части{4};доп. данные{8};форма режущей части{2};материал рукоятки{5};металлический боек{6};ширина режущей части{3};кол-во в комплекте{0};раскладная конструкция{7}
строительные ножи,возможность замены лезвия{3};длина ножа{7};доп. лезвия в комплекте{10};толщина лезвия{6};тип ножа{0};длина лезвия{4};материал лезвия{8};чехол в комплекте{11};тип лезвия{1};ширина лезвия{5};материал корпуса/ручки{9};фиксатор лезвия{2}
заклепочники,длина инструмента{6};max угол поворота головки{5};диаметр заклепок{2};поворотная головка{4};тип{0};материал заклепок{3};ключ в комплекте{7};кол-во сменных насадок{1}
просекатели,max расстояние от просечки до края изделия{3};материал чехлов{6};назначение{1};длина просекателя{4};max толщина просекаемого материала{2};чехлы на рукоятках{5}
труборезы,храповый механизм{6};кол-во режущих роликов{2};min диаметр трубы{4};материал резцов{7};тип{1};max диаметр трубы{5};материал корпуса{8};материал разрезаемых труб{3}
ролики малярные,диаметр внешний{3};система крепления ролика{0};диаметр внутренний{4};материал шубки{1};длина{2}
ручки для малярных роликов,длина посадочного стержня{2};возможность использования удлинителя{5};конструкция{0};материал рукоятки{3};диаметр посадки{1};наличие отверстия для подвески{4}
прямые (граверы),диаметр воздухозаборного отверстия{3};расход воздуха{1};диаметр цангового зажима{5};кейс в комплекте{10};скорость холостого хода{4};max диаметр шлифовального круга{6};гибкий вал в комплекте{9};диаметр воздушного шланга{2};рабочее давление{0};диаметр шпинделя{7};вес{8}
вибрационные,кейс в комплекте{10};диаметр воздушного шланга{2};регулировка скорости{5};система крепления шлифлиста{8};рабочее давление{0};диаметр воздухозаборного отверстия{3};длина подошвы{6};вес{9};расход воздуха{1};скорость холостого хода{4};ширина подошвы{7}
эксцентриковые,диаметр воздушного шланга{3};регулировка скорости{6};кейс в комплекте{9};рабочее давление{1};диаметр воздухозаборного отверстия{4};диаметр подошвы{7};расход воздуха{2};скорость холостого хода{5};вес{8}
картушные (штукатурные),диаметр сопла{4};расположение бачка{7};кейс в комплекте{11};расход воздуха{2};объем бачка{5};диаметр воздушного шланга{8};тип подачи{0};кол-во сопел в комплекте{3};материал бачка{6};размер входного отверстия для воздуха{9};рабочее давление{1}
для распыления жидкостей,вес{8};объем бачка{3};диаметр воздушного шланга{6};кейс{9};рабочее давление{1};материал бачка{4};диаметр входного штуцера{7};расход воздуха{2};расположение бачка{5}
пескоструйные,диаметр шланг для абразива{10};вес{13};тип подачи вещества{2};диаметр сопла{5};расположение бачка{8};диаметр воздушного шланга{11};кейс{14};рабочее давление{3};объем бачка{6};длина шланга для абразива{9};диаметр входного штуцера{12};тип пистолета{1};расход воздуха{4};материал бачка{7}
"для герметиков, пен, смазок, защитных покрытий",кейс{7};рабочее давление{1};диаметр входного штуцера{5};объем резервуара{3};расход воздуха{2};вес{6};назначение{0};диаметр воздушного шланга{4}
"пистолеты для пен, герметиков (силикона)",тип пистолета для герметика{1};материал корпуса/рукоятки{4};насадки в комплекте с пистолетом для пены{7};длина{2};регулятор подачи пены{5};назначение{0};объем тубы{3};тефлоновое покрытие пистолета для пены{6}
"шлифовальные бруски, терки, губки",ширина рабочей поверхности{3};материал изделия{1};толщина рабочей поверхности{4};тип изделия{0};зернистость{6};материал абразива{5};длина рабочей поверхности{2}
оселки (точильные бруски/камни),форма{1};ширина{3};материал абразива{7};тип{0};толщина{4};длина{2};зернистость{5}
кордщетки (щетки зачистные),материал корпуса/рукоятки{4};кол-во рядов щетины{2};длина{6};тип щетины{0};материал щетины{3};форма щетины{1}
"рубанки, фуганки, фальцгебели, зензубели",материал обработки{1};ширина ножа/полотна{4};тип режущего элемента{2};материал корпуса{5};тип{0};длина подошвы{3};материал рукоятки{7}
ключи-трещотки,длина{3};материал накладки на рукоятке{6};форма{0};размер посадочного квадрата{1};материал изготовления{4};удлинитель{7};кол-во зубьев храпового механизма{2};накладка на рукоятке{5};шарнирный механизм{8}
ключи-воротки,длина{2};вид{0};материал изготовления{3};размер посадочного квадрата{1}
динамометрические,min усилие затяжки{3};накладка на рукоятке{6};чехол/кейс в комплекте{12};размер посадочного квадрата удлинителя{10};храповый механизм{1};max усилие затяжки{4};торцевые головки в комплекте{11};материал накладки на рукоятке{7};размер посадочного квадрата{2};материал ключа{5};удлинитель в комплекте{8};длина удлинителя{9};тип{0}
сверла,тип сверла{3};общая длина{7};материал изготовления{10};твердость материала изготовления{11};тип хвостовика{5};рабочая длина{8};набор{1};покрытие{12};материал обработки{4};диаметр{6};угол заточки{9};кол-во в наборе{2}
"зубила, пики (пробойники)",вид зубила{3};рабочая длина{6};материал изготовления{10};победитовая напайка{13};кол-во в наборе{1};диаметр рабочей части{7};ширина режущей кромки зубила{8};твёрдость тела{11};тип упаковки{14};тип оснастки{2};общая длина{5};тип хвостовика{9};твёрдость наконечника{12};набор{0};назначение{4}
для электро- и пневмолобзиков,назначение{3};длина рабочей части{6};толщина пропила (листовой металл){9};набор{1};обрабатываемый материал{4};шаг зубьев{7};толщина пропила (цветной металл){10};кол-во в наборе{2};общая длина{5};толщина пропила (древесина){8};толщина пропила (металлические трубы/коробы){11}
отрезные для УШМ («болгарок»),max окружная скорость{12};посадочный диаметр{8};толщина режущей кромки/диска{10};материал абразивных частиц{3};твёрдость{5};тип диска{0};внешний диаметр{7};насыщенность алмазной крошкой{11};маркировка абразивного диска{2};связка абразивных частиц{6};обрабатываемый материал{1};высота режущей кромки{9};max обороты вала{13};зернистость{4}
зачистные (обдирочные),материал абразивных частиц{3};связка абразивных частиц{6};толщина{9};обрабатываемый материал{1};зернистость{4};внешний диаметр{7};max обороты вала{11};маркировка{2};твёрдость{5};посадочный диаметр{8};max окружная скорость{10}
лепестковые,материал абразивных зёрен{3};посадочный диаметр{6};max обороты вала{10};тип{0};размер абразивных зёрен{4};толщина{8};назначение{1};обрабатываемая поверхность{2};внешний диаметр{5};max окружная скорость{9};ширина лепестка{7}
чашки алмазные (фрезы),тип{0};диаметр посадочного отверстия{3};обрабатываемый материал{1};насыщенность алмазной крошкой{4};диаметр внешний{2}
"щетки (кордщетки, щетки-крацовки)",применение{3};диаметр щетки{6};max обороты вала{10};набор{0};форма щетки{4};диаметр проволоки{7};материал проволоки{8};кол-во в наборе{1};тип проволоки{5};тип крепления{9};назначение{2}
ленточные (ленты замкнутые),назначение{0};зернистость{3};количество{7};абразивный материал{1};длина{4};основа{2};ширина{5}
пильные,угол заточки зубьев{7};диаметр диска{2};ширина пропила{5};форма зубьев{8};тип реза{0};диаметр посадочного отверстия{3};кол-во зубьев{6};max частота оборотов{10};обрабатываемый материал{1};толщина диска{4}
рулонные,длина{4};абразивный материал{1};ширина{5};основа{2};назначение{0};зернистость{3}
листовые,абразивный материал{7};размер дельтовидной шкурки{6};крепление{14};отверстия для пылеотвода{15};связующий материал{12};назначение{1};длина{4};основа{9};зернистость{8};кол-во отверстий для пылеотвода{16};тип нанесения абразива{13};плотность бумажной основы{11};ширина{5};форма{2};класс бумажной основы{10};кол-во шкурок в упаковке{17};диаметр{3}
сетки абразивные,диаметр{3};абразивный материал{6};кол-во в упаковке{1};длина{4};зернистость{7};форма{2};ширина{5};крепление{8}
"биты, адаптеры (битодержатели)",маркировка «Spline» (шлиц «12-лучевая звезда»){9};маркировка «Phillips» (крестовой шлиц){5};система фиксации бит в адаптере{15};маркировка «Hex» (6-гранный шлиц){7};длина биты{12};кол-во в упаковке{1};материал изготовления{18};вид наконечника биты{3};тип хвостовика адаптера{17};маркировка «Pozidriv» (крестовой с насечками шлиц){6};профиль торцевой головки{10};длина адаптера{16};тип насадки{0};тип адаптера{14};маркировка «Slotted» (прямой шлиц){4};кейс/футляр{19};маркировка «Torx» (шлиц «6-лучевая звезда»){8};размер торцевой головки{11};тип хвостовика биты{13};конфигурация биты{2}
"коронки, державки, центрирующие сверла",тип хвостовика{12};тип насадки{1};длина державки{11};назначение коронки{4};кол-во твердосплавных резцов{8};упаковка{13};конструкция коронки{5};кол-во коронок{2};диаметр коронки{6};высота вольфрамового напыления{9};доп.данные{14};тип державки{10};тип коронки{3};длина коронки{7}
клеевые стержни,вес{6};цвет{2};температура плавления{5};количество{0};диаметр{4};доп.данные{7};рабочий материал{1};длина{3}
"торцевые головки, переходники, удлинители",внешний квадрат переходника{20};тип хвостовика вставки{12};внешний квадрат удлинителя{24};профиль головки{13};длина головки{17};тип удлинителя{23};кол-во в наборе{1};тип насадки{2};маркировка «Pozidriv» (крестовой с насечками шлиц){7};покрытие рабочей части{28};маркировка «Spline» (шлиц «12-лучевая звезда»){10};хвостовик переходника{21};тип торцевой головки{3};размер «Torx» профиля{16};хвостовик удлинителя{25};размер 6-гранного профиля{14};материал рабочей части{27};маркировка «Slotted» (прямой шлиц){5};вес{29};маркировка «Hex» (6-гранный шлиц){8};тип переходника{19};длина вставки{11};длина переходника{22};вид шлица вставки{4};посадочный размер головки{18};длина удлинителя{26};набор{0};кейс/футляр{30};маркировка «Phillips» (крестовой шлиц){6};размер 12-гранного профиля{15};маркировка «Torx» (шлиц «6-лучевая звезда»){9}
магнитные захваты (извлекатели),max грузоподъемность{2};наличие подсветки{5};тип{0};диаметр магнита{3};наличие зеркала{6};длина{1};вес{4}
для ручных ножовок,толщина полотна{6};кол-во зубьев на дюйм{7};вид ножовки{2};обрабатываемый материал{3};кол-во в упаковке{9};ширина полотна{5};длина полотна{4};тип полотна{1};материал полотна{8}
скобы для степлеров,длина скобы{5};материал скобы{8};форма скобы{4};тип скобы (общая классификация){2};ширина скобы{6};кол-во скоб в упаковке{9};тип степлера{1};тип скобы (классификация производителя){3};сечение проволоки{7};доп.данные{10}
"гвозди, шпильки для степлеров",кол-во в упаковке{8};тип крепежа{1};длина{4};ширина шляпки{6};тип гвоздя{2};диаметр/сечение проволоки{5};материал{7};тип степлера{0};тип шпильки{3}
заклепки,вид{0};материал изготовления{4};толщина скрепляемых материалов{3};диаметр{1};кол-во в упаковке{6};длина{2};вес{5}
венчики (мешалки),материал{5};диаметр лопасти{2};вес{6};назначение{0};тип хвостовика{3};диаметр хвостовика{4};общая длина{1}
"патроны зажимные, адаптеры",тип оснастки{0};тип патрона{1};система посадки патрона{3};доп. данные{9};переход адаптера{2};min диаметр зажимаемого хвостовика{5};посадочный размер патрона{4};материал корпуса патрона{7};max диаметр зажимаемого хвостовика{6};вес{8}
"кельмы (мастерки), ковши",вес{10};форма рабочей части{1};материал рукоятки{4};высота{7};материал рабочей части{2};длина{5};диаметр{8};тип{0};покрытие рабочей части{3};ширина{6}
"воздуходувки, садовые пылесосы",функция измельчения{19};разрежение воздуха{18};питание{2};тип мусоросборника{22};зарядное устройство в комплекте{30};частота питающей сети{6};электронное зажигание{25};объем топливного бака{11};тип аккумулятора{4};скорость воздушного потока (выдув){16};объем масляного бака{12};тип устройства{0};коэффициент измельчения{20};размер{28};тип бензинового двигателя{3};объем мусоросборника{23};мощность двигателя{9};уровень шума{26};время автономной работы{14};емкость аккумулятора{7};пропускная способность воздуха{17};max скорость воздушного потока{15};исполнение{1};наличие мусоросборника{21};кол-во аккумуляторов в комплекте{29};напряжение питания{5};пусковой насос{24};объем двигателя{10};вес{27};скорость холостого хода двигателя{13};время зарядки аккумулятора{8}
"секаторы, кусторезы, сучкорезы, ножницы",фиксатор лезвий{9};длина рукояток{3};длина лезвия{2};покрытие лезвия{6};вес{10};телескопические рукоятки{8};тип{0};max диаметр реза{4};покрытие рукояток{7};доп.данные{11};общая длина{1};материал лезвия{5}
ножовки садовые,твердость полотна по Роквеллу{7};складное полотно{1};материал полотна{6};чехол{10};заточка зубьев{5};длина полотна{2};материал рукоятки{8};закаленные зубья{4};назначение{0};кол-во зубьев на дюйм{3};вес{9}
"лопаты, совки посадочные",общая длина{6};телескопический черенок{4};материал черенка{3};вес{10};длина черенка{8};материал полотна{1};длина полотна{7};складная конструкция{5};тип{0};черенок{2};ширина полотна{9}
"грабли, вилы",кол-во зубьев/прутьев{1};max ширина{4};наличие рукоятки{7};телескопическая рукоятка{10};регулировка ширины{2};общая длина{5};материал рукоятки{8};вес{11};тип{0};min ширина{3};материал рабочей части{6};рекомендуемая длина рукоятки{9}
"рыхлители, культиваторы, полольники, мотыги, вилки",тип{0};наличие рукоятки{3};длина рукоятки{6};вес{10};кол-во зубьев{1};материал рукоятки{4};общая длина{7};материал рабочей части{2};регулировка длины рукоятки{5};рабочая ширина{8}
наборы для обработки почвы,"материал рабочих частей{15};длина граблей веерных{4};упаковка{18};мотыга (сапка, тяпка){7};длина мотыги-рыхлителя{10};удлинитель рукоятки{13};длина совка посадочного{2};материал рукояток{16};грабли садово-огородные{5};доп. комплектация{19};длина мотыги{8};рыхлитель (культиватор){11};кол-во предметов в наборе{0};длина удлинителя{14};грабли веерные{3};вес набора{17};длина граблей садово-огородных{6};доп. данные{21};мотыга-рыхлитель{9};длина рыхлителя{12};совок посадочный{1}"
ручные,шланг{6};материал бака/корпуса{10};материал помпы{13};тип{0};материал распылительной трубки{5};распылительная трубка{3};длина шланга{7};кол-во сопел{11};вес{15};способ переноски{1};материал шланга{8};длина распылительной трубки{4};объем бака{9};материал сопла{12};доп.данные{16};max дальность распыления{2};функция непрерывного распыла{14}
пистолеты поливочные,диаметр подсоединяемого шланга{3};наличие шланга{8};наличие штанги{5};длина штанги{7};кол-во режимов полива{1};диаметр шланга{11};материал{4};доп. комплектация{14};регулировка длины штанги{6};тип шланга{9};плавная регулировка напора воды{2};общий вес{12};тип пистолета{0};доп.данные{13};длина шланга{10}
дождеватели,вес{14};расположение{2};материал основания{13};режимы полива{5};max рабочее давление{8};сектор полива{11};диаметр подсоединяемого шланга{15};основание{3};регулятор давления воды{16};кол-во форсунок{6};max площадь полива{9};материал рабочей части{12};тип{1};доп. данные{17};кол-во режимов полива{4};min рабочее давление{7};max дальность полива{10}
шланги,толщина стенки{4};диаметр{3};материал{5};вес{9};длина{2};max допустимое рабочее давление{6};наличие соединительных элементов{8};тип{0};кол-во слоев{1};температурные нормы{7}
"катушки, тележки, держатели для шлангов",шланг в комплекте{6};материал корпуса{4};тип изделия{0};длина шланга{2};вес{5};способ сматывания шланга{1};диаметр шланга{3}
коннекторы для шлангов,ручной регулятор подачи воды{3};диаметр присоединяемого изделия{1};материал{4};функция «аквастоп»{2};вес{5};диаметр подключаемого шланга{0}
муфты для шлангов,форма{0};материал{3};диаметр 1 шланга{1};вес{5};диаметр 2 шланга{2}
адаптеры для шланговых коннекторов,резьба внешняя{1};материал{4};резьба внутренняя{2};вес{5};тип{0};диаметр подсоединяемого коннектора{3}
ниппели для шланговых коннекторов,диаметр коннектора 1{0};вес{4};диаметр коннектора 2{1};материал{2}
тройники для шланговых коннекторов,диаметр коннектора 3{2};диаметр коннектора 1{0};материал{3};диаметр коннектора 2{1};вес{5}
распределители потока воды,регулировка каждого канала{5};тип распределителя{0};диаметр подсоединяемого коннектора{3};вес{6};тип резьбы{1};материал{4};диаметр внутренней резьбы{2}
таймеры подачи воды,материал{11};диаметр резьбы крана/трубы{2};кол-во адаптеров{6};max продолжительность полива{9};вес{12};кол-во каналов распределения воды{3};диаметр подсоединяемого коннектора{7};автоматическое отключение воды{10};кол-во выходов под коннектор{4};тип таймера{1};наличие адаптера под коннектор{5};регулировка продолжительности полива{8}
наконечники поливочные,плавная регулировка напора воды{3};кол-во режимов полива{2};доп. комплектация{7};способ подсоединения к шлангу{0};материал{4};диаметр подсоединяемого коннектора{1};общий вес{5}
тачки,грузоподъемность{1};тип рамы{6};диаметр колеса{9};съемный кузов{2};материал кузова{3};кол-во колес{7};ширина колеи{10};толщина кузова{5};тип тачки{0};объем кузова{4};тип колеса{8};вес{11}
лестницы,высота в сложенном виде{6};max нагрузка{11};кол-во секций{1};высота λ-образной стремянки{5};max высота приставной лестницы{3};тип{0};вес{12};телескопическая конструкция{2};ширина{7};материал{10};ширина ступени{9};высота А-образной стремянки{4};кол-во ступеней{8}
стремянки,форма несущего профиля{4};вес{7};размер ступени{2};материал несущего профиля{5};конструкция{0};высота до последней ступени/площадки{3};max нагрузка{6};кол-во ступеней{1}
перчатки,манжет{8};ширина{12};технология вязки{2};сорт кожи (спилка){3};места нанесения покрытия{6};размер{10};вес{13};материал{0};утеплитель{9};толщина кожи (спилка){4};материал покрытия{7};длина{11};доп. данные{14};класс вязки{1};покрытие{5}
очки,цвет оправы{8};доп. данные{11};защита от мелких частиц{1};цвет линз{6};материал оправы{9};вентиляция{4};защита от УФ и ИК излучений{2};материал линз{7};вес{10};тип вентиляции{5};тип очков{0};защита от лазерного излучения{3}
наушники,доп. данные{6};вес{5};мягкое оголовье{1};складная конструкция{3};материал{0};регулировка длины{2};крепление на каску{4}
респираторы,материал обтюратора{7};кратность использования{0};вес{8};кол-во сменных фильтров{3};тип механизма защиты{1};кол-во в упаковке{9};клапан выдоха{4};сменные фильтры{2};вид лицевой части{5};материал лицевой части{6}
щитки лицевые,цвет экрана{2};тип крепления{0};вес{3};материал экрана{1};доп. данные{4}
"каски, каскетки, шлемы",тип{1};объем{4};система амортизации{7};материал{2};вес{5};доп. данные{8};цвет{3};вентиляция{6}
наколенники,вес{2};количество{0};материал{1}
"жилеты, фартуки",материал утеплителя{5};тип изделия{0};материал подкладки{3};центральная застежка{8};вес{12};цвет{11};материал изделия{1};карманы{6};тип центральной застежки{9};утеплитель{4};подкладка{2};кол-во карманов{7};регуляторы размера{10}
"ящики, чемоданы",материал замков{7};петля для навесного замка{18};утапливаемая в крышке ручка{10};кол-во ящиков в комплекте{0};размер{19};ширина{21};перегородки органайзера{14};колеса и ручка для перевозки{16};конструкция внутреннего пространства{2};кол-во ручек для переноски{8};материал ручки для перевозки{17};органайзер на крышке{11};материал корпуса{5};кол-во органайзеров на крышке{12};высота{22};кол-во раздвижных секций{3};кол-во замков{6};доп. данные{24};материал ручки для переноски{9};тип{1};съемный лоток{15};длина{20};кол-во ячеек органайзера{13};вес{23};кол-во выдвижных секций{4}
органайзеры,кол-во выдвижных секций{4};конструкция{2};замки{10};материал корпуса{6};кол-во ручек{8};длина{15};вес{18};размер{14};кол-во в комплекте{0};кол-во замков{11};ручка для переноски{7};петля для навесного замка{13};ширина{16};доп. данные{19};вид{1};кол-во ячеек{5};тип перегородок-разделителей{3};материал замков{12};материал ручки{9};высота{17}
"сумки, рюкзаки",материал{1};тип разделителя основного отделения{5};тип застежки основного отделения{7};кол-во ручек для переноски{11};габариты{15};доп. данные{17};тип основного отделения{3};кол-во основных отделений{2};кол-во карманов{9};плечевой ремень{12};карманы{8};вид{0};кол-во разделителей в основном отделении{4};застежка основного отделения{6};ручка для переноски{10};колеса и телескопическая ручка{13};вес{16};пояс{14}
